"ID","Trigger/Event","Phase","GameplayContext","ViewerPersonality","ViewershipEffect","Line","Type","Status","Source"
"B001","phone_visible","POC (unlabeled)","First time phone/camera raised; stream feels live","React intent (fearful+humor weighted)","+4 (Phone Visible Viewers)","chat time {emoji:positive}","template","wired-in-graph","ChatGraph.asset: Phone Msg 1"
"B002","phone_visible","POC (unlabeled)","First time phone/camera raised; stream feels live","React intent (fearful+humor weighted)","+4 (Phone Visible Viewers)","hi, is this urbex?","line","wired-in-graph","ChatGraph.asset: Phone Msg 1"
"B003","phone_visible","POC (unlabeled)","First time phone/camera raised; stream feels live","React intent (fearful+humor weighted)","+4 (Phone Visible Viewers)","W chat","line","wired-in-graph","ChatGraph.asset: Phone Msg 1"
"B004","phone_visible","POC (unlabeled)","First time phone/camera raised; stream feels live","React intent (fearful+humor weighted)","+4 (Phone Visible Viewers)","Hype","line","wired-in-graph","ChatGraph.asset: Phone Msg 1"
"B005","phone_visible","POC (unlabeled)","Phone raised; second greeting pool","React intent (fearful+humor weighted)","+4 (Phone Visible Viewers)","hello","line","wired-in-graph","ChatGraph.asset: Phone Msg 2"
"B006","phone_visible","POC (unlabeled)","Phone raised; second greeting pool","React intent (fearful+humor weighted)","+4 (Phone Visible Viewers)","hi there","line","wired-in-graph","ChatGraph.asset: Phone Msg 2"
"B007","phone_visible","POC (unlabeled)","Phone raised; second greeting pool","React intent (fearful+humor weighted)","+4 (Phone Visible Viewers)","ooo, this looks creepy","line","wired-in-graph","ChatGraph.asset: Phone Msg 2"
"B008","flashlight_on","POC (unlabeled)","Player turns flashlight on (only if is_flashlight_on branch true)","React intent (fearful+humor weighted)","+4 (Flashlight On Viewers)","finally {emoji:positive}","template","wired-in-graph","ChatGraph.asset: Flashlight On Messages"
"B009","flashlight_on","POC (unlabeled)","Player turns flashlight on (only if is_flashlight_on branch true)","React intent (fearful+humor weighted)","+4 (Flashlight On Viewers)","turn it off its scarier in the dark","line","wired-in-graph","ChatGraph.asset: Flashlight On Messages"
"B010","flashlight_on","POC (unlabeled)","Player turns flashlight on (only if is_flashlight_on branch true)","React intent (fearful+humor weighted)","+4 (Flashlight On Viewers)","we can see now {emoji:positive}","template","wired-in-graph","ChatGraph.asset: Flashlight On Messages"
"B011","flashlight_off","POC (unlabeled)","Player turns flashlight off","React intent (fearful+humor weighted)","+4 (Flashlight Off Viewers)","why did you turn it off {emoji:fearful}","template","wired-in-graph","ChatGraph.asset: Flashlight Off Messages"
"B012","flashlight_off","POC (unlabeled)","Player turns flashlight off","React intent (fearful+humor weighted)","+4 (Flashlight Off Viewers)","bro I cant see anything","line","wired-in-graph","ChatGraph.asset: Flashlight Off Messages"
"B013","flashlight_off","POC (unlabeled)","Player turns flashlight off","React intent (fearful+humor weighted)","+4 (Flashlight Off Viewers)","noooo {emoji:fearful}[2-3]","template","wired-in-graph","ChatGraph.asset: Flashlight Off Messages"
"B014","flashlight_off","POC (unlabeled)","Player turns flashlight off","React intent (fearful+humor weighted)","+4 (Flashlight Off Viewers)","W darkness enjoyer","line","wired-in-graph","ChatGraph.asset: Flashlight Off Messages"
"B015","flashlight_on","POC (unlabeled)","Player spams flashlight (Spam Counter threshold 3)","React intent (fearful+humor weighted)","(none; counter branch)","why is this guy spamming his flashlight like crazy","line","wired-in-graph","ChatGraph.asset: Spam Messages"
"B016","flashlight_on","POC (unlabeled)","Player spams flashlight (Spam Counter threshold 3)","React intent (fearful+humor weighted)","(none; counter branch)","stop spamming bro","line","wired-in-graph","ChatGraph.asset: Spam Messages"
"B017","flashlight_on","POC (unlabeled)","Player spams flashlight (Spam Counter threshold 3)","React intent (fearful+humor weighted)","(none; counter branch)","my eyes {emoji:angry}","template","wired-in-graph","ChatGraph.asset: Spam Messages"
"B018","idle_timeout","POC (unlabeled)","Player idle; chat gets bored","React intent (fearful+humor weighted)","-10 (Idle Penalty)","boring {emoji:negative}","template","wired-in-graph","ChatGraph.asset: Idle Messages"
"B019","idle_timeout","POC (unlabeled)","Player idle; chat gets bored","React intent (fearful+humor weighted)","-10 (Idle Penalty)","do something","line","wired-in-graph","ChatGraph.asset: Idle Messages"
"B020","idle_timeout","POC (unlabeled)","Player idle; chat gets bored","React intent (fearful+humor weighted)","-10 (Idle Penalty)","ResidentSleeper","line","wired-in-graph","ChatGraph.asset: Idle Messages"
"B021","idle_timeout","POC (unlabeled)","Player idle; chat gets bored","React intent (fearful+humor weighted)","-10 (Idle Penalty)","hello??? anyone there???","line","wired-in-graph","ChatGraph.asset: Idle Messages"
"B022","idle_timeout","POC (unlabeled)","Player idle; chat gets bored","React intent (fearful+humor weighted)","-10 (Idle Penalty)","is he afk?","line","wired-in-graph","ChatGraph.asset: Idle Messages"
"B023","idle_timeout","POC (unlabeled)","Player idle; chat gets bored","React intent (fearful+humor weighted)","-10 (Idle Penalty)","L stream {emoji:negative}[1-2]","template","wired-in-graph","ChatGraph.asset: Idle Messages"
"B024","idle_timeout","POC (unlabeled)","Idle showcase; setup lines before a bicker","React intent (fearful+humor weighted)","(none)","urbex is too dangerous {emoji:negative}","template","wired-in-graph","ChatGraph.asset: Bicker Setup Messages"
"B025","idle_timeout","POC (unlabeled)","Idle showcase; setup lines before a bicker","React intent (fearful+humor weighted)","(none)","this is illegal right?","line","wired-in-graph","ChatGraph.asset: Bicker Setup Messages"
"B026","idle_timeout","POC (unlabeled)","Idle showcase; setup lines before a bicker","React intent (fearful+humor weighted)","(none)","i would not be here if I were you","line","wired-in-graph","ChatGraph.asset: Bicker Setup Messages"
"B027","idle_timeout","POC (unlabeled)","Idle showcase; setup lines before a bicker","React intent (fearful+humor weighted)","(none)","probably AI stream {emoji:angry}","template","wired-in-graph","ChatGraph.asset: Bicker Setup Messages"
"B028","awe_theater","Phase 1 (Zone B)","Player first sees the theater hall (user-authored ahead, Chunk 5 B.1)","React intent (fearful+humor weighted)","+30 (Viewer Count Effect)","omg this is huge {emoji:positive}[3-5]","template","wired-in-graph","ChatGraph.asset: Message Pool (awe_theater)"
"B029","awe_theater","Phase 1 (Zone B)","Player first sees the theater hall (user-authored ahead, Chunk 5 B.1)","React intent (fearful+humor weighted)","+30 (Viewer Count Effect)","wait how is this place here {emoji:positive}[3-5]","template","wired-in-graph","ChatGraph.asset: Message Pool (awe_theater)"
"B030","awe_theater","Phase 1 (Zone B)","Player first sees the theater hall (user-authored ahead, Chunk 5 B.1)","React intent (fearful+humor weighted)","+30 (Viewer Count Effect)","amazinggg {emoji:positive}[3-5]","template","wired-in-graph","ChatGraph.asset: Message Pool (awe_theater)"
"B031","light_bulb_breaks","POC (unlabeled)","A light bulb breaks / area goes dark","React intent (fearful+humor weighted)","+10 (Viewer Count Effect)","wtf was that {emoji:fearful}[3]","template","wired-in-graph","ChatGraph.asset: Message Pool (light_bulb_breaks)"
"B032","light_bulb_breaks","POC (unlabeled)","A light bulb breaks / area goes dark","React intent (fearful+humor weighted)","+10 (Viewer Count Effect)","it got dark? {emoji:fearful}[1-2]","template","wired-in-graph","ChatGraph.asset: Message Pool (light_bulb_breaks)"
"B033","enter_bunker","POC / Phase 2","Player enters the bunker (spooky reaction)","React intent (fearful+humor weighted)","+20 (Viewer Count Effect)","Damn, scary","line","wired-in-graph","ChatGraph.asset: Message Pool (enter_bunker)"
"B034","enter_bunker","POC / Phase 2","Player enters the bunker (spooky reaction)","React intent (fearful+humor weighted)","+20 (Viewer Count Effect)","{emoji:fearful}{emoji:weird}","emoji-burst","wired-in-graph","ChatGraph.asset: Message Pool (enter_bunker)"
"B035","enter_bunker","POC / Phase 2","Player enters the bunker (spooky reaction)","React intent (fearful+humor weighted)","+20 (Viewer Count Effect)","spooky","line","wired-in-graph","ChatGraph.asset: Message Pool (enter_bunker)"
"B036","enter_bunker","POC / Phase 2","Bunker signal-loss follow-up pool (after +20 spike, 5s timer)","React intent (fearful+humor weighted)","(after +20)","You're kinda losing signal buddy","line","wired-in-graph","ChatGraph.asset: Message Pool (bunker signal)"
"B037","enter_bunker","POC / Phase 2","Bunker signal-loss follow-up pool (after +20 spike, 5s timer)","React intent (fearful+humor weighted)","(after +20)","Stream is stuck, anyone else?","line","wired-in-graph","ChatGraph.asset: Message Pool (bunker signal)"
"B038","idle_timeout","POC (unlabeled)","Player hiding near generator; panicked hide flood (floodId player_hiding_generator)","React intent (rapid flood)","(flood)","bro wtf was that","line","wired-in-graph","ChatGraph.asset: Start Flood (player_hiding_generator)"
"B039","idle_timeout","POC (unlabeled)","Player hiding near generator; panicked hide flood (floodId player_hiding_generator)","React intent (rapid flood)","(flood)","i would die right there","line","wired-in-graph","ChatGraph.asset: Start Flood (player_hiding_generator)"
"B040","idle_timeout","POC (unlabeled)","Player hiding near generator; panicked hide flood (floodId player_hiding_generator)","React intent (rapid flood)","(flood)","do not leave this spot","line","wired-in-graph","ChatGraph.asset: Start Flood (player_hiding_generator)"
"B041","idle_timeout","POC (unlabeled)","Player hiding near generator; panicked hide flood (floodId player_hiding_generator)","React intent (rapid flood)","(flood)","no fkn way no fkn way{emoji:fearful}[4-6]","template","wired-in-graph","ChatGraph.asset: Start Flood (player_hiding_generator)"
"B042","idle_timeout","POC (unlabeled)","Player hiding near generator; panicked hide flood (floodId player_hiding_generator)","React intent (rapid flood)","(flood)","{emoji:fearful}[4-6]","emoji-burst","wired-in-graph","ChatGraph.asset: Start Flood (player_hiding_generator)"
"B043","idle_timeout","POC (unlabeled)","Player hiding near generator; panicked hide flood (floodId player_hiding_generator)","React intent (rapid flood)","(flood)","what is it doing?{emoji:fearful}[4-6]","template","wired-in-graph","ChatGraph.asset: Start Flood (player_hiding_generator)"
"B044","idle_timeout","POC (unlabeled)","Player hiding near generator; panicked hide flood (floodId player_hiding_generator)","React intent (rapid flood)","(flood)","i hear a crazy loud noise{emoji:fearful}[4-6]","template","wired-in-graph","ChatGraph.asset: Start Flood (player_hiding_generator)"
"B045","idle_timeout","POC (unlabeled)","Player hiding near generator; panicked hide flood (floodId player_hiding_generator)","React intent (rapid flood)","(flood)","nahhh im out","line","wired-in-graph","ChatGraph.asset: Start Flood (player_hiding_generator)"
"B046","idle_timeout","POC (unlabeled)","Intense bickering showcase - mild line (default)","two random viewers (VIP then transient)","(none)","@{prevMessageUser} Noob, that's wrong","template","wired-in-graph","ChatGraph.asset: Intense Bickering Showcase (mildMessages)"
"B047","idle_timeout","POC (unlabeled)","Intense bickering showcase - initial line (default)","two random viewers (VIP then transient)","(none)","@{prevMessageUser} You have no idea what you're talking about","template","wired-in-graph","ChatGraph.asset: Intense Bickering Showcase (intenseInitialMessages)"
"B048","idle_timeout","POC (unlabeled)","Intense bickering showcase - reply line (default)","two random viewers (VIP then transient)","(none)","@{prevMessageUser} stfu {emoji:angry}","template","wired-in-graph","ChatGraph.asset: Intense Bickering Showcase (intenseReplyMessages)"
"B049","proximity_enter_foyer > idle > check_bathroom","Phase 1 (Zone A)","Bathroom dare banner (story challenge, no retry, 60s)","Dare intent (trolling+bravery weighted)","-10 on fail","I bet the bathrooms are really disgusting by now {emoji:disgust}[1-2]","template","wired-in-graph","ChatGraph.asset: C1A Bathroom Dare (dareBannerMessages)"
"B050","proximity_enter_foyer > idle > check_bathroom","Phase 1 (Zone A)","Bathroom dare banner (story challenge, no retry, 60s)","Dare intent (trolling+bravery weighted)","-10 on fail","bathroom check","line","wired-in-graph","ChatGraph.asset: C1A Bathroom Dare (dareBannerMessages)"
"B051","proximity_enter_foyer > idle > check_bathroom","Phase 1 (Zone A)","Bathroom dare banner (story challenge, no retry, 60s)","Dare intent (trolling+bravery weighted)","-10 on fail","1 like = 1 second in the bathroom","line","wired-in-graph","ChatGraph.asset: C1A Bathroom Dare (dareBannerMessages)"
"B052","dare_success_check_bathroom","Phase 1 (Zone A)","Player entered bathroom (dare success)","React intent (fearful+humor weighted)","(none on success pool)","finally {emoji:positive}[1-2]","template","wired-in-graph","ChatGraph.asset: C1A Bathroom Dare Success"
"B053","dare_success_check_bathroom","Phase 1 (Zone A)","Player entered bathroom (dare success)","React intent (fearful+humor weighted)","(none on success pool)","into the bathroom we go","line","wired-in-graph","ChatGraph.asset: C1A Bathroom Dare Success"
"B054","dare_success_check_bathroom","Phase 1 (Zone A)","Player entered bathroom (dare success)","React intent (fearful+humor weighted)","(none on success pool)","hell yeah","line","wired-in-graph","ChatGraph.asset: C1A Bathroom Dare Success"
"B055","check_bathroom timeout","Phase 1 (Zone A)","Player refused / timed out the bathroom dare","React intent (fearful+humor weighted)","-10 (Fail Drop)","nothing happens lmao","line","wired-in-graph","ChatGraph.asset: C1A Bathroom Dare Fail"
"B056","check_bathroom timeout","Phase 1 (Zone A)","Player refused / timed out the bathroom dare","React intent (fearful+humor weighted)","-10 (Fail Drop)","bro actually didn't go {emoji:negative}[1-2]","template","wired-in-graph","ChatGraph.asset: C1A Bathroom Dare Fail"
"B057","check_bathroom timeout","Phase 1 (Zone A)","Player refused / timed out the bathroom dare","React intent (fearful+humor weighted)","-10 (Fail Drop)","unsubscribe?","line","wired-in-graph","ChatGraph.asset: C1A Bathroom Dare Fail"
"B058","event_bathroom_lights_flicker","Phase 1 (Zone A)","Bathroom lights flicker scare reaction","React intent (fearful+humor weighted)","+3 (Flicker Spike)","WHAT WAS THAT {emoji:fearful}[2-4]","template","wired-in-graph","ChatGraph.asset: C1B Flicker Reaction"
"B059","event_bathroom_lights_flicker","Phase 1 (Zone A)","Bathroom lights flicker scare reaction","React intent (fearful+humor weighted)","+3 (Flicker Spike)","did the lights just-?","line","wired-in-graph","ChatGraph.asset: C1B Flicker Reaction"
"B060","event_bathroom_lights_flicker","Phase 1 (Zone A)","Bathroom lights flicker scare reaction","React intent (fearful+humor weighted)","+3 (Flicker Spike)","nah I'm out {emoji:fearful}[1-2]","template","wired-in-graph","ChatGraph.asset: C1B Flicker Reaction"
"B061","event_bathroom_lights_flicker","Phase 1 (Zone A)","Bathroom lights flicker scare reaction","React intent (fearful+humor weighted)","+3 (Flicker Spike)","bro BRO","line","wired-in-graph","ChatGraph.asset: C1B Flicker Reaction"
"B062","event_bathroom_lights_flicker","Phase 1 (Zone A)","Flicker bickering - mild line","two random viewers (VIP then transient)","+3","@{prevMessageUser} that was fake lol","template","wired-in-graph","ChatGraph.asset: C1B Flicker Bickering (mildMessages)"
"B063","event_bathroom_lights_flicker","Phase 1 (Zone A)","Flicker bickering - initial lines","two random viewers (VIP then transient)","+3","@{prevMessageUser} that was fake bro get real","template","wired-in-graph","ChatGraph.asset: C1B Flicker Bickering (intenseInitialMessages)"
"B064","event_bathroom_lights_flicker","Phase 1 (Zone A)","Flicker bickering - initial lines","two random viewers (VIP then transient)","+3","@{prevMessageUser} it's literally just a gas leak chill","template","wired-in-graph","ChatGraph.asset: C1B Flicker Bickering (intenseInitialMessages)"
"B065","event_bathroom_lights_flicker","Phase 1 (Zone A)","Flicker bickering - reply lines","two random viewers (VIP then transient)","+3","@{prevMessageUser} shut UP it's real {emoji:angry}","template","wired-in-graph","ChatGraph.asset: C1B Flicker Bickering (intenseReplyMessages)"
"B066","event_bathroom_lights_flicker","Phase 1 (Zone A)","Flicker bickering - reply lines","two random viewers (VIP then transient)","+3","@{prevMessageUser} open your eyes","template","wired-in-graph","ChatGraph.asset: C1B Flicker Bickering (intenseReplyMessages)"
"B067","event_bathroom_lights_flicker","Phase 1 (Zone A)","Flicker bickering - reply lines","two random viewers (VIP then transient)","+3","@{prevMessageUser} you're the one coping","template","wired-in-graph","ChatGraph.asset: C1B Flicker Bickering (intenseReplyMessages)"
"B068","interact_foyer_lightswitch","Phase 1 (Zone A)","Player flips foyer light switch; main door opens","React intent (fearful+humor weighted)","+10 (Lightswitch Spike)","ooh fancy","line","wired-in-graph","ChatGraph.asset: C1C Lightswitch Reaction"
"B069","interact_foyer_lightswitch","Phase 1 (Zone A)","Player flips foyer light switch; main door opens","React intent (fearful+humor weighted)","+10 (Lightswitch Spike)","let's gooo {emoji:positive}[1-3]","template","wired-in-graph","ChatGraph.asset: C1C Lightswitch Reaction"
"B070","interact_foyer_lightswitch","Phase 1 (Zone A)","Player flips foyer light switch; main door opens","React intent (fearful+humor weighted)","+10 (Lightswitch Spike)","BASED","line","wired-in-graph","ChatGraph.asset: C1C Lightswitch Reaction"
"B071","interact_foyer_lightswitch","Phase 1 (Zone A)","Player flips foyer light switch; main door opens","React intent (fearful+humor weighted)","+10 (Lightswitch Spike)","door open W","line","wired-in-graph","ChatGraph.asset: C1C Lightswitch Reaction"
"B072","pickup_lightbulb","Phase 1 (Zone B)","Player picks up the lightbulb","React intent (fearful+humor weighted)","+10 (Viewer Count Effect)","what's that for?","line","wired-in-graph","ChatGraph.asset: C2D Lightbulb Pool"
"B073","pickup_lightbulb","Phase 1 (Zone B)","Player picks up the lightbulb","React intent (fearful+humor weighted)","+10 (Viewer Count Effect)","stage light?","line","wired-in-graph","ChatGraph.asset: C2D Lightbulb Pool"
"B074","pickup_lightbulb","Phase 1 (Zone B)","Player picks up the lightbulb","React intent (fearful+humor weighted)","+10 (Viewer Count Effect)","put that up in the spotlight {emoji:positive}[1-2]","template","wired-in-graph","ChatGraph.asset: C2D Lightbulb Pool"
"B075","pickup_lightbulb","Phase 1 (Zone B)","Player picks up the lightbulb","React intent (fearful+humor weighted)","+10 (Viewer Count Effect)","bulb guy","line","wired-in-graph","ChatGraph.asset: C2D Lightbulb Pool"
"B076","interact_spotlight (bulb true)","Phase 1 (Zone B)","Player installs bulb in spotlight (flag_bulb_picked_up == true)","React intent (fearful+humor weighted)","+10 (Viewer Count Effect)","BANGER {emoji:positive}[2-3]","template","wired-in-graph","ChatGraph.asset: C2E Spotlight Success Pool"
"B077","interact_spotlight (bulb true)","Phase 1 (Zone B)","Player installs bulb in spotlight (flag_bulb_picked_up == true)","React intent (fearful+humor weighted)","+10 (Viewer Count Effect)","stage is lit","line","wired-in-graph","ChatGraph.asset: C2E Spotlight Success Pool"
"B078","interact_spotlight (bulb true)","Phase 1 (Zone B)","Player installs bulb in spotlight (flag_bulb_picked_up == true)","React intent (fearful+humor weighted)","+10 (Viewer Count Effect)","set the stage {emoji:positive}[1-2]","template","wired-in-graph","ChatGraph.asset: C2E Spotlight Success Pool"
"B079","interact_spotlight (bulb true)","Phase 1 (Zone B)","Player installs bulb in spotlight (flag_bulb_picked_up == true)","React intent (fearful+humor weighted)","+10 (Viewer Count Effect)","there we go","line","wired-in-graph","ChatGraph.asset: C2E Spotlight Success Pool"
"B080","interact_spotlight (bulb false)","Phase 1 (Zone B)","Player uses spotlight with no bulb","React intent (fearful+humor weighted)","(none)","needs a bulb first bro","line","wired-in-graph","ChatGraph.asset: C2E Spotlight Fail Pool"
"B081","interact_spotlight (bulb false)","Phase 1 (Zone B)","Player uses spotlight with no bulb","React intent (fearful+humor weighted)","(none)","where's the bulb","line","wired-in-graph","ChatGraph.asset: C2E Spotlight Fail Pool"
"B082","interact_spotlight (bulb false)","Phase 1 (Zone B)","Player uses spotlight with no bulb","React intent (fearful+humor weighted)","(none)","empty socket lmao {emoji:negative}[1-2]","template","wired-in-graph","ChatGraph.asset: C2E Spotlight Fail Pool"
"B083","gaze_stage_ropes > pull_ropes","Phase 1-2 (Zone B)","Pull-ropes dare banner (story challenge, retry until success, 120s)","Dare intent (trolling+bravery weighted)","+15 on first pull","someone should put a show here","line","wired-in-graph","ChatGraph.asset: C2F Pull Ropes Dare (dareBannerMessages)"
"B084","gaze_stage_ropes > pull_ropes","Phase 1-2 (Zone B)","Pull-ropes dare banner (story challenge, retry until success, 120s)","Dare intent (trolling+bravery weighted)","+15 on first pull","curtain up {emoji:positive}[1-2]","template","wired-in-graph","ChatGraph.asset: C2F Pull Ropes Dare (dareBannerMessages)"
"B085","dare_success_pull_ropes","Phase 1-2 (Zone B)","Payoff when a rope is pulled and a backdrop drops","React intent (fearful+humor weighted)","+15 (Ropes Payoff Spike)","OMG {emoji:positive}[3-6]","template","wired-in-graph","ChatGraph.asset: C2F Ropes Payoff Pool"
"B086","dare_success_pull_ropes","Phase 1-2 (Zone B)","Payoff when a rope is pulled and a backdrop drops","React intent (fearful+humor weighted)","+15 (Ropes Payoff Spike)","what just dropped?? {emoji:positive}[2-4]","template","wired-in-graph","ChatGraph.asset: C2F Ropes Payoff Pool"
"B087","dare_success_pull_ropes","Phase 1-2 (Zone B)","Payoff when a rope is pulled and a backdrop drops","React intent (fearful+humor weighted)","+15 (Ropes Payoff Spike)","see that's showmanship","line","wired-in-graph","ChatGraph.asset: C2F Ropes Payoff Pool"
"B088","dare_success_pull_ropes","Phase 1-2 (Zone B)","Payoff when a rope is pulled and a backdrop drops","React intent (fearful+humor weighted)","+15 (Ropes Payoff Spike)","CINEMA {emoji:positive}[2-4]","template","wired-in-graph","ChatGraph.asset: C2F Ropes Payoff Pool"
"B089","pickup_trapdoor_key","Phase 1-2 (Zone B)","Player picks up trapdoor key (also arms mannequins)","React intent (fearful+humor weighted)","+3 (Trapdoor Key Spike)","got it {emoji:positive}[1-2]","template","wired-in-graph","ChatGraph.asset: C2G Trapdoor Key Pool"
"B090","pickup_trapdoor_key","Phase 1-2 (Zone B)","Player picks up trapdoor key (also arms mannequins)","React intent (fearful+humor weighted)","+3 (Trapdoor Key Spike)","trapdoor time","line","wired-in-graph","ChatGraph.asset: C2G Trapdoor Key Pool"
"B091","pickup_trapdoor_key","Phase 1-2 (Zone B)","Player picks up trapdoor key (also arms mannequins)","React intent (fearful+humor weighted)","+3 (Trapdoor Key Spike)","wonder what's down there","line","wired-in-graph","ChatGraph.asset: C2G Trapdoor Key Pool"
"B092","pickup_trapdoor_key","Phase 1-2 (Zone B)","Player picks up trapdoor key (also arms mannequins)","React intent (fearful+humor weighted)","+3 (Trapdoor Key Spike)","finally a key","line","wired-in-graph","ChatGraph.asset: C2G Trapdoor Key Pool"
"B093","interact_bunker_door (key true)","Phase 2 (Zone B->C)","Player opens bunker door with key","React intent (fearful+humor weighted)","+5 (Bunker Open Spike)","down we go {emoji:positive}[1-3]","template","wired-in-graph","ChatGraph.asset: C2H Bunker Open Pool"
"B094","interact_bunker_door (key true)","Phase 2 (Zone B->C)","Player opens bunker door with key","React intent (fearful+humor weighted)","+5 (Bunker Open Spike)","bunker time {emoji:fearful}[1-2]","template","wired-in-graph","ChatGraph.asset: C2H Bunker Open Pool"
"B095","interact_bunker_door (key true)","Phase 2 (Zone B->C)","Player opens bunker door with key","React intent (fearful+humor weighted)","+5 (Bunker Open Spike)","what's down there","line","wired-in-graph","ChatGraph.asset: C2H Bunker Open Pool"
"B096","interact_bunker_door (key true)","Phase 2 (Zone B->C)","Player opens bunker door with key","React intent (fearful+humor weighted)","+5 (Bunker Open Spike)","no going back {emoji:fearful}[1-2]","template","wired-in-graph","ChatGraph.asset: C2H Bunker Open Pool"
"B097","interact_bunker_door (key false)","Phase 2 (Zone B->C)","Player tries bunker door with no key","React intent (fearful+humor weighted)","(none)","locked","line","wired-in-graph","ChatGraph.asset: C2H Bunker Locked Pool"
"B098","interact_bunker_door (key false)","Phase 2 (Zone B->C)","Player tries bunker door with no key","React intent (fearful+humor weighted)","(none)","find a key bro","line","wired-in-graph","ChatGraph.asset: C2H Bunker Locked Pool"
"B099","interact_bunker_door (key false)","Phase 2 (Zone B->C)","Player tries bunker door with no key","React intent (fearful+humor weighted)","(none)","no key no entry {emoji:negative}[1-2]","template","wired-in-graph","ChatGraph.asset: C2H Bunker Locked Pool"
"B100","proximity_scene_committee","Phase 1-2 (Zone B)","Rope pull 1 backdrop: 3 chairs / tribunal","React intent (fearful+humor weighted)","(none)","three chairs. not a good sign","line","wired-in-graph","ChatGraph.asset: C2I Scene Committee Pool"
"B101","proximity_scene_committee","Phase 1-2 (Zone B)","Rope pull 1 backdrop: 3 chairs / tribunal","React intent (fearful+humor weighted)","(none)","reminds me of when HR called me in {emoji:sad}[1-2]","template","wired-in-graph","ChatGraph.asset: C2I Scene Committee Pool"
"B102","proximity_scene_committee","Phase 1-2 (Zone B)","Rope pull 1 backdrop: 3 chairs / tribunal","React intent (fearful+humor weighted)","(none)","performance review core","line","wired-in-graph","ChatGraph.asset: C2I Scene Committee Pool"
"B103","proximity_scene_committee","Phase 1-2 (Zone B)","Rope pull 1 backdrop: 3 chairs / tribunal","React intent (fearful+humor weighted)","(none)","who's being judged","line","wired-in-graph","ChatGraph.asset: C2I Scene Committee Pool"
"B104","proximity_scene_committee","Phase 1-2 (Zone B)","Rope pull 1 backdrop: 3 chairs / tribunal","React intent (fearful+humor weighted)","(none)","unpaid board meeting lmao","line","wired-in-graph","ChatGraph.asset: C2I Scene Committee Pool"
"B105","proximity_scene_committee","Phase 1-2 (Zone B)","Rope pull 1 backdrop: 3 chairs / tribunal","React intent (fearful+humor weighted)","(none)","silence says everything {emoji:sad}[1-2]","template","wired-in-graph","ChatGraph.asset: C2I Scene Committee Pool"
"B106","proximity_scene_interrogation","Phase 1-2 (Zone B)","Rope pull 2 backdrop: table + floating camera & mic","React intent (fearful+humor weighted)","(none)","the mic is just floating wtf","line","wired-in-graph","ChatGraph.asset: C2I Scene Interrogation Pool"
"B107","proximity_scene_interrogation","Phase 1-2 (Zone B)","Rope pull 2 backdrop: table + floating camera & mic","React intent (fearful+humor weighted)","(none)","POV you're the journalist","line","wired-in-graph","ChatGraph.asset: C2I Scene Interrogation Pool"
"B108","proximity_scene_interrogation","Phase 1-2 (Zone B)","Rope pull 2 backdrop: table + floating camera & mic","React intent (fearful+humor weighted)","(none)","recording a confession rn {emoji:fearful}[1-2]","template","wired-in-graph","ChatGraph.asset: C2I Scene Interrogation Pool"
"B109","proximity_scene_interrogation","Phase 1-2 (Zone B)","Rope pull 2 backdrop: table + floating camera & mic","React intent (fearful+humor weighted)","(none)","one man podcast setup","line","wired-in-graph","ChatGraph.asset: C2I Scene Interrogation Pool"
"B110","proximity_scene_interrogation","Phase 1-2 (Zone B)","Rope pull 2 backdrop: table + floating camera & mic","React intent (fearful+humor weighted)","(none)","reminds me of calling my ex back {emoji:sad}[1-2]","template","wired-in-graph","ChatGraph.asset: C2I Scene Interrogation Pool"
"B111","proximity_scene_interrogation","Phase 1-2 (Zone B)","Rope pull 2 backdrop: table + floating camera & mic","React intent (fearful+humor weighted)","(none)","so who's spilling","line","wired-in-graph","ChatGraph.asset: C2I Scene Interrogation Pool"
"B112","proximity_scene_podium","Phase 1-2 (Zone B)","Rope pull 3 backdrop: podium + award + mic","React intent (fearful+humor weighted)","(none)","make a speech king {emoji:positive}[1-2]","template","wired-in-graph","ChatGraph.asset: C2I Scene Podium Pool"
"B113","proximity_scene_podium","Phase 1-2 (Zone B)","Rope pull 3 backdrop: podium + award + mic","React intent (fearful+humor weighted)","(none)","finally some recognition","line","wired-in-graph","ChatGraph.asset: C2I Scene Podium Pool"
"B114","proximity_scene_podium","Phase 1-2 (Zone B)","MALFORMED in .asset (apostrophe mis-serialized): two list items are the split halves of one intended line","React intent (fearful+humor weighted)","(none)","i","line","wired-in-graph (malformed source; human check)","ChatGraph.asset: C2I Scene Podium Pool"
"B115","proximity_scene_podium","Phase 1-2 (Zone B)","MALFORMED continuation of previous","React intent (fearful+humor weighted)","(none)","d cry ngl {emoji:sad}[1-2]'","template","wired-in-graph (malformed source; human check)","ChatGraph.asset: C2I Scene Podium Pool"
"B116","proximity_scene_podium","Phase 1-2 (Zone B)","Rope pull 3 backdrop: podium + award + mic","React intent (fearful+humor weighted)","(none)","what's the award even for","line","wired-in-graph","ChatGraph.asset: C2I Scene Podium Pool"
"B117","proximity_scene_podium","Phase 1-2 (Zone B)","Rope pull 3 backdrop: podium + award + mic","React intent (fearful+humor weighted)","(none)","wonder who was in the audience","line","wired-in-graph","ChatGraph.asset: C2I Scene Podium Pool"
"B118","proximity_scene_podium","Phase 1-2 (Zone B)","Rope pull 3 backdrop: podium + award + mic","React intent (fearful+humor weighted)","(none)","this'd be me if anyone noticed","line","wired-in-graph","ChatGraph.asset: C2I Scene Podium Pool"
"B119","proximity_scene_papers","Phase 1-2 (Zone B)","Rope pull 4 backdrop: chair + table + scattered papers","React intent (fearful+humor weighted)","(none)","someone left in a hurry","line","wired-in-graph","ChatGraph.asset: C2I Scene Papers Pool"
"B120","proximity_scene_papers","Phase 1-2 (Zone B)","Rope pull 4 backdrop: chair + table + scattered papers","React intent (fearful+humor weighted)","(none)","that's literally my desk","line","wired-in-graph","ChatGraph.asset: C2I Scene Papers Pool"
"B121","proximity_scene_papers","Phase 1-2 (Zone B)","MALFORMED in .asset (apostrophe mis-serialized): two list items are the split halves of one intended line","React intent (fearful+humor weighted)","(none)","bro didn","line","wired-in-graph (malformed source; human check)","ChatGraph.asset: C2I Scene Papers Pool"
"B122","proximity_scene_papers","Phase 1-2 (Zone B)","MALFORMED continuation of previous","React intent (fearful+humor weighted)","(none)","t even save {emoji:sad}[1-2]'","template","wired-in-graph (malformed source; human check)","ChatGraph.asset: C2I Scene Papers Pool"
"B123","proximity_scene_papers","Phase 1-2 (Zone B)","Rope pull 4 backdrop: chair + table + scattered papers","React intent (fearful+humor weighted)","(none)","finals week core","line","wired-in-graph","ChatGraph.asset: C2I Scene Papers Pool"
"B124","proximity_scene_papers","Phase 1-2 (Zone B)","Rope pull 4 backdrop: chair + table + scattered papers","React intent (fearful+humor weighted)","(none)","reminds me of when i had to move out fast {emoji:sad}[1-2]","template","wired-in-graph","ChatGraph.asset: C2I Scene Papers Pool"
"B125","proximity_scene_papers","Phase 1-2 (Zone B)","Rope pull 4 backdrop: chair + table + scattered papers","React intent (fearful+humor weighted)","(none)","hope they found what they were looking for","line","wired-in-graph","ChatGraph.asset: C2I Scene Papers Pool"
"B126","proximity_scene_rails","Phase 1-2 (Zone B)","Rope pull 5 backdrop: two rails beside a road","React intent (fearful+humor weighted)","(none)","rails go nowhere","line","wired-in-graph","ChatGraph.asset: C2I Scene Rails Pool"
"B127","proximity_scene_rails","Phase 1-2 (Zone B)","Rope pull 5 backdrop: two rails beside a road","React intent (fearful+humor weighted)","(none)","reminds me of how i was adopted {emoji:sad}[1-2]","template","wired-in-graph","ChatGraph.asset: C2I Scene Rails Pool"
"B128","proximity_scene_rails","Phase 1-2 (Zone B)","Rope pull 5 backdrop: two rails beside a road","React intent (fearful+humor weighted)","(none)","two paths. neither go anywhere","line","wired-in-graph","ChatGraph.asset: C2I Scene Rails Pool"
"B129","proximity_scene_rails","Phase 1-2 (Zone B)","Rope pull 5 backdrop: two rails beside a road","React intent (fearful+humor weighted)","(none)","me walking home alone {emoji:sad}[1-2]","template","wired-in-graph","ChatGraph.asset: C2I Scene Rails Pool"
"B130","proximity_scene_rails","Phase 1-2 (Zone B)","Rope pull 5 backdrop: two rails beside a road","React intent (fearful+humor weighted)","(none)","kinda pretty actually","line","wired-in-graph","ChatGraph.asset: C2I Scene Rails Pool"
"B131","proximity_scene_rails","Phase 1-2 (Zone B)","Rope pull 5 backdrop: two rails beside a road","React intent (fearful+humor weighted)","(none)","why am i emotional rn","line","wired-in-graph","ChatGraph.asset: C2I Scene Rails Pool"
"B132","proximity_scene_tower","Phase 1-2 (Zone B)","Rope pull 6 backdrop: tower + rocking chair + blood splat","React intent (fearful+humor weighted)","(none)","uhh is that blood {emoji:fearful}[1-2]","template","wired-in-graph","ChatGraph.asset: C2I Scene Tower Pool"
"B133","proximity_scene_tower","Phase 1-2 (Zone B)","Rope pull 6 backdrop: tower + rocking chair + blood splat","React intent (fearful+humor weighted)","(none)","nope nope nope {emoji:fearful}[1-2]","template","wired-in-graph","ChatGraph.asset: C2I Scene Tower Pool"
"B134","proximity_scene_tower","Phase 1-2 (Zone B)","Rope pull 6 backdrop: tower + rocking chair + blood splat","React intent (fearful+humor weighted)","(none)","grandma's gone evil","line","wired-in-graph","ChatGraph.asset: C2I Scene Tower Pool"
"B135","proximity_scene_tower","Phase 1-2 (Zone B)","Rope pull 6 backdrop: tower + rocking chair + blood splat","React intent (fearful+humor weighted)","(none)","who was waiting up there","line","wired-in-graph","ChatGraph.asset: C2I Scene Tower Pool"
"B136","proximity_scene_tower","Phase 1-2 (Zone B)","Rope pull 6 backdrop: tower + rocking chair + blood splat","React intent (fearful+humor weighted)","(none)","somebody DIED here {emoji:fearful}[2-3]","template","wired-in-graph","ChatGraph.asset: C2I Scene Tower Pool"
"B137","proximity_scene_tower","Phase 1-2 (Zone B)","Rope pull 6 backdrop: tower + rocking chair + blood splat","React intent (fearful+humor weighted)","(none)","reminds me of that one christmas {emoji:fearful}[1-2]","template","wired-in-graph","ChatGraph.asset: C2I Scene Tower Pool"
"B138","event_mannequin_room_entry_armed (key true)","Phase 2 (Zone B)","Mannequin reveal on entry post-key; sets flag_phone_seen_mannequins","React intent (fearful+humor weighted)","+8 (Reveal Spike)","wait did one MOVE {emoji:fearful}[2-3]","template","wired-in-graph","ChatGraph.asset: C3A Reveal Pool"
"B139","event_mannequin_room_entry_armed (key true)","Phase 2 (Zone B)","Mannequin reveal on entry post-key; sets flag_phone_seen_mannequins","React intent (fearful+humor weighted)","+8 (Reveal Spike)","bro the eyes","line","wired-in-graph","ChatGraph.asset: C3A Reveal Pool"
"B140","event_mannequin_room_entry_armed (key true)","Phase 2 (Zone B)","Mannequin reveal on entry post-key; sets flag_phone_seen_mannequins","React intent (fearful+humor weighted)","+8 (Reveal Spike)","those aren't mannequins {emoji:fearful}[1-2]","template","wired-in-graph","ChatGraph.asset: C3A Reveal Pool"
"B141","event_mannequin_room_entry_armed (key true)","Phase 2 (Zone B)","Mannequin reveal on entry post-key; sets flag_phone_seen_mannequins","React intent (fearful+humor weighted)","+8 (Reveal Spike)","why are they all facing you {emoji:fearful}[2-4]","template","wired-in-graph","ChatGraph.asset: C3A Reveal Pool"
"B142","event_mannequin_room_entry_armed (key true)","Phase 2 (Zone B)","Mannequin reveal on entry post-key; sets flag_phone_seen_mannequins","React intent (fearful+humor weighted)","+8 (Reveal Spike)","get OUT of there","line","wired-in-graph","ChatGraph.asset: C3A Reveal Pool"
"B143","event_mannequin_room_entry_armed (key true)","Phase 2 (Zone B)","Mannequin reveal on entry post-key; sets flag_phone_seen_mannequins","React intent (fearful+humor weighted)","+8 (Reveal Spike)","@{prevMessageUser} run dude run","template","wired-in-graph","ChatGraph.asset: C3A Reveal Pool"
"B144","event_mannequin_room_entry_armed (key true)","Phase 2 (Zone B)","Mannequin reveal on entry post-key; sets flag_phone_seen_mannequins","React intent (fearful+humor weighted)","+8 (Reveal Spike)","I hate this I hate this {emoji:fearful}[3-5]","template","wired-in-graph","ChatGraph.asset: C3A Reveal Pool"
"B145","event_mannequin_room_entry_armed","Phase 2 (Zone B)","Mannequin reveal bickering - mild line","two random viewers (VIP then transient)","+8","@{prevMessageUser} they're just plastic chill","template","wired-in-graph","ChatGraph.asset: C3A Reveal Bickering (mildMessages)"
"B146","event_mannequin_room_entry_armed","Phase 2 (Zone B)","Mannequin reveal bickering - initial lines","two random viewers (VIP then transient)","+8","@{prevMessageUser} they literally moved I saw it","template","wired-in-graph","ChatGraph.asset: C3A Reveal Bickering (intenseInitialMessages)"
"B147","event_mannequin_room_entry_armed","Phase 2 (Zone B)","Mannequin reveal bickering - initial lines","two random viewers (VIP then transient)","+8","@{prevMessageUser} the heads are tracking him","template","wired-in-graph","ChatGraph.asset: C3A Reveal Bickering (intenseInitialMessages)"
"B148","event_mannequin_room_entry_armed","Phase 2 (Zone B)","Mannequin reveal bickering - reply lines","two random viewers (VIP then transient)","+8","@{prevMessageUser} mannequins don't move stop coping","template","wired-in-graph","ChatGraph.asset: C3A Reveal Bickering (intenseReplyMessages)"
"B149","event_mannequin_room_entry_armed","Phase 2 (Zone B)","Mannequin reveal bickering - reply lines","two random viewers (VIP then transient)","+8","@{prevMessageUser} open your eyes they're looking AT him {emoji:angry}","template","wired-in-graph","ChatGraph.asset: C3A Reveal Bickering (intenseReplyMessages)"
"B150","event_mannequin_room_entry_armed","Phase 2 (Zone B)","Mannequin reveal bickering - reply lines","two random viewers (VIP then transient)","+8","@{prevMessageUser} you're gaslighting the whole chat rn","template","wired-in-graph","ChatGraph.asset: C3A Reveal Bickering (intenseReplyMessages)"
"B151","event_mannequin_door_peek","Phase 2 (Zone B)","Cheap scare: mannequin behind the doorway","React intent (fearful+humor weighted)","+4 (Door Peek Spike)","BRUH {emoji:fearful}[3-5]","template","wired-in-graph","ChatGraph.asset: C3B Door Peek Pool"
"B152","event_mannequin_door_peek","Phase 2 (Zone B)","Cheap scare: mannequin behind the doorway","React intent (fearful+humor weighted)","+4 (Door Peek Spike)","BEHIND THE DOOR {emoji:fearful}[2-3]","template","wired-in-graph","ChatGraph.asset: C3B Door Peek Pool"
"B153","event_mannequin_door_peek","Phase 2 (Zone B)","Cheap scare: mannequin behind the doorway","React intent (fearful+humor weighted)","+4 (Door Peek Spike)","I just shit myself {emoji:fearful}[1-2]","template","wired-in-graph","ChatGraph.asset: C3B Door Peek Pool"
"B154","event_mannequin_door_peek","Phase 2 (Zone B)","Cheap scare: mannequin behind the doorway","React intent (fearful+humor weighted)","+4 (Door Peek Spike)","NAH NAH NAH {emoji:fearful}[3-5]","template","wired-in-graph","ChatGraph.asset: C3B Door Peek Pool"
"B155","event_mannequin_door_peek","Phase 2 (Zone B)","Cheap scare: mannequin behind the doorway","React intent (fearful+humor weighted)","+4 (Door Peek Spike)","did anyone else SEE that","line","wired-in-graph","ChatGraph.asset: C3B Door Peek Pool"
"B156","event_mannequin_door_peek","Phase 2 (Zone B)","Cheap scare: mannequin behind the doorway","React intent (fearful+humor weighted)","+4 (Door Peek Spike)","@{prevMessageUser} GO BACK GO BACK","template","wired-in-graph","ChatGraph.asset: C3B Door Peek Pool"
"B157","event_mannequin_door_peek","Phase 2 (Zone B)","Cheap scare: mannequin behind the doorway","React intent (fearful+humor weighted)","+4 (Door Peek Spike)","my heart {emoji:fearful}[2-3]","template","wired-in-graph","ChatGraph.asset: C3B Door Peek Pool"
"B158","proximity_leave_mannequin_room","Phase 2 (Zone B)","Chat pressures player to descend / leave","React intent (fearful+humor weighted)","(none)","GO GO GO","line","wired-in-graph","ChatGraph.asset: C3C Leave Pressure Pool"
"B159","proximity_leave_mannequin_room","Phase 2 (Zone B)","Chat pressures player to descend / leave","React intent (fearful+humor weighted)","(none)","don't look back {emoji:fearful}[2-3]","template","wired-in-graph","ChatGraph.asset: C3C Leave Pressure Pool"
"B160","proximity_leave_mannequin_room","Phase 2 (Zone B)","Chat pressures player to descend / leave","React intent (fearful+humor weighted)","(none)","keep moving","line","wired-in-graph","ChatGraph.asset: C3C Leave Pressure Pool"
"B161","proximity_leave_mannequin_room","Phase 2 (Zone B)","Chat pressures player to descend / leave","React intent (fearful+humor weighted)","(none)","out out out","line","wired-in-graph","ChatGraph.asset: C3C Leave Pressure Pool"
"B162","proximity_leave_mannequin_room","Phase 2 (Zone B)","Chat pressures player to descend / leave","React intent (fearful+humor weighted)","(none)","don't turn around {emoji:fearful}[1-2]","template","wired-in-graph","ChatGraph.asset: C3C Leave Pressure Pool"
"B163","entity_going_generator","Phase 2 (Zone C)","Entity chase flood (floodId entity_going_generator); stopped by player_hidden","React intent (rapid flood)","(flood)","oh no","line","wired-in-graph","ChatGraph.asset: Start Entity Chase Flood"
"B164","entity_going_generator","Phase 2 (Zone C)","Entity chase flood (floodId entity_going_generator); stopped by player_hidden","React intent (rapid flood)","(flood)","oh no no no","line","wired-in-graph","ChatGraph.asset: Start Entity Chase Flood"
"B165","entity_going_generator","Phase 2 (Zone C)","Entity chase flood (floodId entity_going_generator); stopped by player_hidden","React intent (rapid flood)","(flood)","HIDE","line","wired-in-graph","ChatGraph.asset: Start Entity Chase Flood"
"B166","entity_going_generator","Phase 2 (Zone C)","Entity chase flood (floodId entity_going_generator); stopped by player_hidden","React intent (rapid flood)","(flood)","HIDE NOW","line","wired-in-graph","ChatGraph.asset: Start Entity Chase Flood"
"B167","entity_going_generator","Phase 2 (Zone C)","Entity chase flood (floodId entity_going_generator); stopped by player_hidden","React intent (rapid flood)","(flood)","HIDE HIDE HIDE","line","wired-in-graph","ChatGraph.asset: Start Entity Chase Flood"
"B168","entity_going_generator","Phase 2 (Zone C)","Entity chase flood (floodId entity_going_generator); stopped by player_hidden","React intent (rapid flood)","(flood)","RUN","line","wired-in-graph","ChatGraph.asset: Start Entity Chase Flood"
"B169","entity_going_generator","Phase 2 (Zone C)","Entity chase flood (floodId entity_going_generator); stopped by player_hidden","React intent (rapid flood)","(flood)","NO DONT RUN HIDE","line","wired-in-graph","ChatGraph.asset: Start Entity Chase Flood"
"B170","entity_going_generator","Phase 2 (Zone C)","Entity chase flood (floodId entity_going_generator); stopped by player_hidden","React intent (rapid flood)","(flood)","its coming","line","wired-in-graph","ChatGraph.asset: Start Entity Chase Flood"
"B171","entity_going_generator","Phase 2 (Zone C)","Entity chase flood (floodId entity_going_generator); stopped by player_hidden","React intent (rapid flood)","(flood)","IT'S COMING","line","wired-in-graph","ChatGraph.asset: Start Entity Chase Flood"
"B172","entity_going_generator","Phase 2 (Zone C)","Entity chase flood (floodId entity_going_generator); stopped by player_hidden","React intent (rapid flood)","(flood)","something is moving","line","wired-in-graph","ChatGraph.asset: Start Entity Chase Flood"
"B173","entity_going_generator","Phase 2 (Zone C)","Entity chase flood (floodId entity_going_generator); stopped by player_hidden","React intent (rapid flood)","(flood)","holy shit","line","wired-in-graph","ChatGraph.asset: Start Entity Chase Flood"
"B174","entity_going_generator","Phase 2 (Zone C)","Entity chase flood (floodId entity_going_generator); stopped by player_hidden","React intent (rapid flood)","(flood)","holy {emoji:fearful}[2-3]","template","wired-in-graph","ChatGraph.asset: Start Entity Chase Flood"
"B175","entity_going_generator","Phase 2 (Zone C)","Entity chase flood (floodId entity_going_generator); stopped by player_hidden","React intent (rapid flood)","(flood)","OMG NO","line","wired-in-graph","ChatGraph.asset: Start Entity Chase Flood"
"B176","entity_going_generator","Phase 2 (Zone C)","Entity chase flood (floodId entity_going_generator); stopped by player_hidden","React intent (rapid flood)","(flood)","behind you","line","wired-in-graph","ChatGraph.asset: Start Entity Chase Flood"
"B177","entity_going_generator","Phase 2 (Zone C)","Entity chase flood (floodId entity_going_generator); stopped by player_hidden","React intent (rapid flood)","(flood)","get out get out","line","wired-in-graph","ChatGraph.asset: Start Entity Chase Flood"
"B178","entity_going_generator","Phase 2 (Zone C)","Entity chase flood (floodId entity_going_generator); stopped by player_hidden","React intent (rapid flood)","(flood)","go go go","line","wired-in-graph","ChatGraph.asset: Start Entity Chase Flood"
"B179","entity_going_generator","Phase 2 (Zone C)","Entity chase flood (floodId entity_going_generator); stopped by player_hidden","React intent (rapid flood)","(flood)","HIDE BRO","line","wired-in-graph","ChatGraph.asset: Start Entity Chase Flood"
"B180","entity_going_generator","Phase 2 (Zone C)","Entity chase flood (floodId entity_going_generator); stopped by player_hidden","React intent (rapid flood)","(flood)","i can hear it","line","wired-in-graph","ChatGraph.asset: Start Entity Chase Flood"
"B181","entity_going_generator","Phase 2 (Zone C)","Entity chase flood (floodId entity_going_generator); stopped by player_hidden","React intent (rapid flood)","(flood)","don't look at it","line","wired-in-graph","ChatGraph.asset: Start Entity Chase Flood"
"B182","entity_going_generator","Phase 2 (Zone C)","Entity chase flood (floodId entity_going_generator); stopped by player_hidden","React intent (rapid flood)","(flood)","why did you start it","line","wired-in-graph","ChatGraph.asset: Start Entity Chase Flood"
"B183","entity_scuttle_away","Phase 2 (Zone C)","Entity slips out of frame; chat saw the monster","React intent (fearful+humor weighted)","+5 (Scuttle Away Spike)","WAIT WHAT WAS THAT","line","wired-in-graph","ChatGraph.asset: Entity Scuttle Away Pool"
"B184","entity_scuttle_away","Phase 2 (Zone C)","Entity slips out of frame; chat saw the monster","React intent (fearful+humor weighted)","+5 (Scuttle Away Spike)","did you see it run {emoji:fearful}[2-3]","template","wired-in-graph","ChatGraph.asset: Entity Scuttle Away Pool"
"B185","entity_scuttle_away","Phase 2 (Zone C)","Entity slips out of frame; chat saw the monster","React intent (fearful+humor weighted)","+5 (Scuttle Away Spike)","it ran around the corner","line","wired-in-graph","ChatGraph.asset: Entity Scuttle Away Pool"
"B186","entity_scuttle_away","Phase 2 (Zone C)","Entity slips out of frame; chat saw the monster","React intent (fearful+humor weighted)","+5 (Scuttle Away Spike)","did anyone else SEE THAT","line","wired-in-graph","ChatGraph.asset: Entity Scuttle Away Pool"
"B187","entity_scuttle_away","Phase 2 (Zone C)","Entity slips out of frame; chat saw the monster","React intent (fearful+humor weighted)","+5 (Scuttle Away Spike)","GO BACK GO BACK","line","wired-in-graph","ChatGraph.asset: Entity Scuttle Away Pool"
"B188","entity_scuttle_away","Phase 2 (Zone C)","Entity slips out of frame; chat saw the monster","React intent (fearful+humor weighted)","+5 (Scuttle Away Spike)","NO DONT FOLLOW IT {emoji:fearful}[2-3]","template","wired-in-graph","ChatGraph.asset: Entity Scuttle Away Pool"
"B189","entity_scuttle_away","Phase 2 (Zone C)","Entity slips out of frame; chat saw the monster","React intent (fearful+humor weighted)","+5 (Scuttle Away Spike)","where did it go","line","wired-in-graph","ChatGraph.asset: Entity Scuttle Away Pool"
"B190","entity_scuttle_away","Phase 2 (Zone C)","Entity slips out of frame; chat saw the monster","React intent (fearful+humor weighted)","+5 (Scuttle Away Spike)","I JUST SAW IT MOVE {emoji:fearful}[3-5]","template","wired-in-graph","ChatGraph.asset: Entity Scuttle Away Pool"
"B191","entity_scuttle_away","Phase 2 (Zone C)","Entity slips out of frame; chat saw the monster","React intent (fearful+humor weighted)","+5 (Scuttle Away Spike)","that was NOT a person","line","wired-in-graph","ChatGraph.asset: Entity Scuttle Away Pool"
"B192","entity_scuttle_away","Phase 2 (Zone C)","Entity slips out of frame; chat saw the monster","React intent (fearful+humor weighted)","+5 (Scuttle Away Spike)","rewind that","line","wired-in-graph","ChatGraph.asset: Entity Scuttle Away Pool"
"B193","entity_scuttle_away","Phase 2 (Zone C)","Entity slips out of frame; chat saw the monster","React intent (fearful+humor weighted)","+5 (Scuttle Away Spike)","@{prevMessageUser} ITS REAL","template","wired-in-graph","ChatGraph.asset: Entity Scuttle Away Pool"
"B194","entity_scuttle_away","Phase 2 (Zone C)","Entity slips out of frame; chat saw the monster","React intent (fearful+humor weighted)","+5 (Scuttle Away Spike)","bro {emoji:fearful}[3-5]","template","wired-in-graph","ChatGraph.asset: Entity Scuttle Away Pool"
"B195","entity_scuttle_away","Phase 2 (Zone C)","Entity slips out of frame; chat saw the monster","React intent (fearful+humor weighted)","+5 (Scuttle Away Spike)","it scurried away","line","wired-in-graph","ChatGraph.asset: Entity Scuttle Away Pool"
"B196","entity_scuttle_away","Phase 2 (Zone C)","Entity slips out of frame; chat saw the monster","React intent (fearful+humor weighted)","+5 (Scuttle Away Spike)","it saw you","line","wired-in-graph","ChatGraph.asset: Entity Scuttle Away Pool"
"B197","entity_scuttle_away","Phase 2 (Zone C)","Entity slips out of frame; chat saw the monster","React intent (fearful+humor weighted)","+5 (Scuttle Away Spike)","im calling the cops","line","wired-in-graph","ChatGraph.asset: Entity Scuttle Away Pool"
"B198","dare_throw_bottle / _milkshake / _coin / _popcorn / _rock","n/a (flavor dare)","Throw-object dare banner, shared verbatim across all 5 throwables (50% gate, 30s, not story)","Dare intent (trolling+bravery weighted)","+5 on success","THROW IT","line","wired-in-graph","ChatGraph.asset: Throw {Bottle|Milkshake|Coin|Popcorn|Rock} Dare (dareBannerMessages)"
"B199","dare_throw_bottle / _milkshake / _coin / _popcorn / _rock","n/a (flavor dare)","Throw-object dare banner, shared verbatim across all 5 throwables (50% gate, 30s, not story)","Dare intent (trolling+bravery weighted)","+5 on success","yeet it bro","line","wired-in-graph","ChatGraph.asset: Throw {Bottle|Milkshake|Coin|Popcorn|Rock} Dare (dareBannerMessages)"
"B200","dare_throw_bottle / _milkshake / _coin / _popcorn / _rock","n/a (flavor dare)","Throw-object dare banner, shared verbatim across all 5 throwables (50% gate, 30s, not story)","Dare intent (trolling+bravery weighted)","+5 on success","you holding it for nothing? throw","line","wired-in-graph","ChatGraph.asset: Throw {Bottle|Milkshake|Coin|Popcorn|Rock} Dare (dareBannerMessages)"
"B201","dare_throw_bottle / _milkshake / _coin / _popcorn / _rock","n/a (flavor dare)","Throw-object dare banner, shared verbatim across all 5 throwables (50% gate, 30s, not story)","Dare intent (trolling+bravery weighted)","+5 on success","chuck it chuck it chuck it","line","wired-in-graph","ChatGraph.asset: Throw {Bottle|Milkshake|Coin|Popcorn|Rock} Dare (dareBannerMessages)"
"B202","dare_throw_bottle / _milkshake / _coin / _popcorn / _rock","n/a (flavor dare)","Throw-object dare banner, shared verbatim across all 5 throwables (50% gate, 30s, not story)","Dare intent (trolling+bravery weighted)","+5 on success","{0} says you won't throw it {emoji:money}[1-2]","template","wired-in-graph","ChatGraph.asset: Throw {Bottle|Milkshake|Coin|Popcorn|Rock} Dare (dareBannerMessages)"
"B203","dare_throw_bottle / _milkshake / _coin / _popcorn / _rock","n/a (flavor dare)","Throw-object dare banner, shared verbatim across all 5 throwables (50% gate, 30s, not story)","Dare intent (trolling+bravery weighted)","+5 on success","cmon it's right there in your hand","line","wired-in-graph","ChatGraph.asset: Throw {Bottle|Milkshake|Coin|Popcorn|Rock} Dare (dareBannerMessages)"
"B204","dare_throw_bottle / _milkshake / _coin / _popcorn / _rock","n/a (flavor dare)","Throw-object dare banner, shared verbatim across all 5 throwables (50% gate, 30s, not story)","Dare intent (trolling+bravery weighted)","+5 on success","THROW {emoji:fire}[2-3]","template","wired-in-graph","ChatGraph.asset: Throw {Bottle|Milkshake|Coin|Popcorn|Rock} Dare (dareBannerMessages)"
"B205","dare_throw_bottle / _milkshake / _coin / _popcorn / _rock","n/a (flavor dare)","Throw-object dare banner, shared verbatim across all 5 throwables (50% gate, 30s, not story)","Dare intent (trolling+bravery weighted)","+5 on success","let it fly cinema time","line","wired-in-graph","ChatGraph.asset: Throw {Bottle|Milkshake|Coin|Popcorn|Rock} Dare (dareBannerMessages)"
"B206","dare_throw_bottle / _milkshake / _coin / _popcorn / _rock","n/a (flavor dare)","Throw-object dare banner, shared verbatim across all 5 throwables (50% gate, 30s, not story)","Dare intent (trolling+bravery weighted)","+5 on success","one good throw easy clip","line","wired-in-graph","ChatGraph.asset: Throw {Bottle|Milkshake|Coin|Popcorn|Rock} Dare (dareBannerMessages)"
"B207","dare_throw_bottle / _milkshake / _coin / _popcorn / _rock","n/a (flavor dare)","Throw-object dare banner, shared verbatim across all 5 throwables (50% gate, 30s, not story)","Dare intent (trolling+bravery weighted)","+5 on success","dont be a wuss send it","line","wired-in-graph","ChatGraph.asset: Throw {Bottle|Milkshake|Coin|Popcorn|Rock} Dare (dareBannerMessages)"
"B208","dare_throw_bottle / _milkshake / _coin / _popcorn / _rock","n/a (flavor dare)","Throw-object success reaction, shared verbatim across all 5 throwables","React intent (fearful+humor weighted)","+5 (Throw Spike)","LMAOOO {emoji:positive}[2-4]","template","wired-in-graph","ChatGraph.asset: Throw {Bottle|Milkshake|Coin|Popcorn|Rock} Reaction"
"B209","dare_throw_bottle / _milkshake / _coin / _popcorn / _rock","n/a (flavor dare)","Throw-object success reaction, shared verbatim across all 5 throwables","React intent (fearful+humor weighted)","+5 (Throw Spike)","that arc tho","line","wired-in-graph","ChatGraph.asset: Throw {Bottle|Milkshake|Coin|Popcorn|Rock} Reaction"
"B210","dare_throw_bottle / _milkshake / _coin / _popcorn / _rock","n/a (flavor dare)","Throw-object success reaction, shared verbatim across all 5 throwables","React intent (fearful+humor weighted)","+5 (Throw Spike)","clip it clip it","line","wired-in-graph","ChatGraph.asset: Throw {Bottle|Milkshake|Coin|Popcorn|Rock} Reaction"
"B211","dare_throw_bottle / _milkshake / _coin / _popcorn / _rock","n/a (flavor dare)","Throw-object success reaction, shared verbatim across all 5 throwables","React intent (fearful+humor weighted)","+5 (Throw Spike)","W throw","line","wired-in-graph","ChatGraph.asset: Throw {Bottle|Milkshake|Coin|Popcorn|Rock} Reaction"
"B212","dare_throw_bottle / _milkshake / _coin / _popcorn / _rock","n/a (flavor dare)","Throw-object success reaction, shared verbatim across all 5 throwables","React intent (fearful+humor weighted)","+5 (Throw Spike)","did NOT think they'd actually do it","line","wired-in-graph","ChatGraph.asset: Throw {Bottle|Milkshake|Coin|Popcorn|Rock} Reaction"
"B213","dare_throw_bottle / _milkshake / _coin / _popcorn / _rock","n/a (flavor dare)","Throw-object success reaction, shared verbatim across all 5 throwables","React intent (fearful+humor weighted)","+5 (Throw Spike)","nailed it {emoji:fire}[1-2]","template","wired-in-graph","ChatGraph.asset: Throw {Bottle|Milkshake|Coin|Popcorn|Rock} Reaction"
"B214","dare_throw_bottle / _milkshake / _coin / _popcorn / _rock","n/a (flavor dare)","Throw-object success reaction, shared verbatim across all 5 throwables","React intent (fearful+humor weighted)","+5 (Throw Spike)","CINEMA","line","wired-in-graph","ChatGraph.asset: Throw {Bottle|Milkshake|Coin|Popcorn|Rock} Reaction"
"B215","dare_throw_bottle / _milkshake / _coin / _popcorn / _rock","n/a (flavor dare)","Throw-object success reaction, shared verbatim across all 5 throwables","React intent (fearful+humor weighted)","+5 (Throw Spike)","someone's getting kicked out fr","line","wired-in-graph","ChatGraph.asset: Throw {Bottle|Milkshake|Coin|Popcorn|Rock} Reaction"
"B216","dare_throw_bottle / _milkshake / _coin / _popcorn / _rock","n/a (flavor dare)","Throw-object success reaction, shared verbatim across all 5 throwables","React intent (fearful+humor weighted)","+5 (Throw Spike)","ok {0} cooking","template","wired-in-graph","ChatGraph.asset: Throw {Bottle|Milkshake|Coin|Popcorn|Rock} Reaction"
"B217","dare_throw_bottle / _milkshake / _coin / _popcorn / _rock","n/a (flavor dare)","Throw-object success reaction, shared verbatim across all 5 throwables","React intent (fearful+humor weighted)","+5 (Throw Spike)","property damage king","line","wired-in-graph","ChatGraph.asset: Throw {Bottle|Milkshake|Coin|Popcorn|Rock} Reaction"
"B218","dare_throw_bottle / _milkshake / _coin / _popcorn / _rock","n/a (flavor dare)","Throw-object success reaction, shared verbatim across all 5 throwables","React intent (fearful+humor weighted)","+5 (Throw Spike)","ABSOLUTE CINEMA","line","wired-in-graph","ChatGraph.asset: Throw {Bottle|Milkshake|Coin|Popcorn|Rock} Reaction"
"B219","event_stream_start","Phase 1 (Zone A)","A.0 Stream goes live","React intent (fearful+humor weighted)","small","first lol","line","doc-only","PROGRESSION_AND_CHAT.md A.0 (L151)"
"B220","event_stream_start","Phase 1 (Zone A)","A.0 Stream goes live","React intent (fearful+humor weighted)","small","another haunted bro?","line","doc-only","PROGRESSION_AND_CHAT.md A.0 (L151)"
"B221","event_stream_start","Phase 1 (Zone A)","A.0 Stream goes live","React intent (fearful+humor weighted)","small","lighting fr","line","doc-only","PROGRESSION_AND_CHAT.md A.0 (L151)"
"B222","event_stream_start","Phase 1 (Zone A)","A.0 Stream goes live","React intent (fearful+humor weighted)","small","LET'S GOOO {emoji:positive}[2-4]","template","doc-only","PROGRESSION_AND_CHAT.md A.0 (L152)"
"B223","idle_timeout","Phase 1 (Zone A)","A.1 Idle warm-up in foyer","React intent (fearful+humor weighted)","small drain","explore bro stop standing","line","doc-only","PROGRESSION_AND_CHAT.md A.1 (L159)"
"B224","idle_timeout","Phase 1 (Zone A)","A.1 Idle warm-up in foyer","React intent (fearful+humor weighted)","small drain","boring open it up","line","doc-only","PROGRESSION_AND_CHAT.md A.1 (L159)"
"B225","check_bathroom fail","Phase 1 (Zone A)","A.2 Bathroom dare fail (doc example)","React intent (fearful+humor weighted)","-15","viewers leaving","line","doc-only","PROGRESSION_AND_CHAT.md A.2 (L181)"
"B226","event_bathroom_lights_flicker","Phase 1 (Zone A)","A.3 Flicker bickering (doc examples)","React intent (fearful+humor weighted)","+small","fake","line","doc-only","PROGRESSION_AND_CHAT.md A.3 (L190)"
"B227","event_bathroom_lights_flicker","Phase 1 (Zone A)","A.3 Flicker bickering (doc examples)","React intent (fearful+humor weighted)","+small","dude there's clearly a leak","line","doc-only","PROGRESSION_AND_CHAT.md A.3 (L190)"
"B228","event_bathroom_lights_flicker","Phase 1 (Zone A)","A.3 Flicker bickering (doc examples)","React intent (fearful+humor weighted)","+small","shut up its real","line","doc-only","PROGRESSION_AND_CHAT.md A.3 (L190)"
"B229","gaze_newspaper_1983_oct/nov","Phase 1->2 (Zone A)","A.4 Reading newspapers/playbills","React intent (fearful+humor weighted)","","oh shit someone died here","line","doc-only","PROGRESSION_AND_CHAT.md A.4 (L196)"
"B230","gaze_newspaper_1983_oct/nov","Phase 1->2 (Zone A)","A.4 Reading newspapers/playbills","React intent (fearful+humor weighted)","","gas leak yeah right","line","doc-only","PROGRESSION_AND_CHAT.md A.4 (L196)"
"B231","gaze_playbills","Phase 1->2 (Zone A)","A.4 Reading playbills","React intent (fearful+humor weighted)","","starved for attention lol on theme","line","doc-only","PROGRESSION_AND_CHAT.md A.4 (L196)"
"B232","enter_theater_hall","Phase 1 (Zone B)","B.1 Entering the theater hall (doc; note awe_theater pool is separately wired)","React intent (fearful+humor weighted)","small","WHOA","line","doc-only","PROGRESSION_AND_CHAT.md B.1 (L329)"
"B233","enter_theater_hall","Phase 1 (Zone B)","B.1 Entering the theater hall","React intent (fearful+humor weighted)","small","this place is huge","line","doc-only","PROGRESSION_AND_CHAT.md B.1 (L329)"
"B234","enter_theater_hall","Phase 1 (Zone B)","B.1 Entering the theater hall","React intent (fearful+humor weighted)","small","{emoji:positive}[2-4]","emoji-burst","doc-only","PROGRESSION_AND_CHAT.md B.1 (L329)"
"B235","idle_timeout (theater)","Phase 1 (Zone B)","B.2 Idle on stage (nice-to-have)","React intent (fearful+humor weighted)","","do something on stage","line","doc-only","PROGRESSION_AND_CHAT.md B.2 (L335)"
"B236","idle_timeout (theater)","Phase 1 (Zone B)","B.2 Idle on stage","React intent (fearful+humor weighted)","","sing for us","line","doc-only","PROGRESSION_AND_CHAT.md B.2 (L335)"
"B237","idle_timeout (theater)","Phase 1 (Zone B)","B.2 Idle on stage","React intent (fearful+humor weighted)","","perform!","line","doc-only","PROGRESSION_AND_CHAT.md B.2 (L335)"
"B238","gaze_drawer","Phase 1.5 (Zone B)","B.3 Drawer note noticing","React intent (fearful+humor weighted)","","wait look at that drawer","line","doc-only","PROGRESSION_AND_CHAT.md B.3 (L349)"
"B239","gaze_drawer","Phase 1.5 (Zone B)","B.3 Drawer note noticing","React intent (fearful+humor weighted)","","open it!","line","doc-only","PROGRESSION_AND_CHAT.md B.3 (L349)"
"B240","gaze_drawer","Phase 1.5 (Zone B)","B.3 Drawer note noticing","React intent (fearful+humor weighted)","","{emoji:curious}[1-2]","emoji-burst","doc-only","PROGRESSION_AND_CHAT.md B.3 (L349)"
"B241","open_drawer","Phase 1.5 (Zone B)","B.3 Open-drawer dare banner","Dare intent (trolling+bravery weighted)","+moderate","OPEN THE DRAWER","line","doc-only","PROGRESSION_AND_CHAT.md B.3 (L353)"
"B242","open_drawer","Phase 1.5 (Zone B)","B.3 Open-drawer dare banner","Dare intent (trolling+bravery weighted)","+moderate","100 superchats says you don't open it {emoji:money}[1-2]","template","doc-only","PROGRESSION_AND_CHAT.md B.3 (L354)"
"B243","pickup_lightbulb","Phase 1 (Zone B)","B.4 Lightbulb pickup (doc variant of wired line)","React intent (fearful+humor weighted)","","go put it in the spotlight up there","line","doc-only","PROGRESSION_AND_CHAT.md B.4 (L362)"
"B244","enter_walkway","Phase 2 (Zone B)","B.5 Catwalk traversal","React intent (fearful+humor weighted)","","don't fall lol","line","doc-only","PROGRESSION_AND_CHAT.md B.5 (L369)"
"B245","enter_walkway","Phase 2 (Zone B)","B.5 Catwalk traversal","React intent (fearful+humor weighted)","","imagine if the rope snaps right now","line","doc-only","PROGRESSION_AND_CHAT.md B.5 (L370)"
"B246","gaze_stage_ropes > pull_ropes","Phase 1-2 (Zone B)","B.7 Pull-ropes dare banner (doc examples beyond the 2 wired)","Dare intent (trolling+bravery weighted)","+15","pull the ropes, finish the show!","line","doc-only","PROGRESSION_AND_CHAT.md B.7 (L387)"
"B247","gaze_stage_ropes > pull_ropes","Phase 1-2 (Zone B)","B.7 Pull-ropes dare banner (doc example)","Dare intent (trolling+bravery weighted)","+15","stage's lit, now stage a play","line","doc-only","PROGRESSION_AND_CHAT.md B.7 (L388)"
"B248","event_descend_trapdoor","Phase 2 (Zone C)","C.1 Climbing down into bunker","React intent (fearful+humor weighted)","uneasy +","no going back lol","line","doc-only","PROGRESSION_AND_CHAT.md C.1 (L583)"
"B249","event_descend_trapdoor","Phase 2 (Zone C)","C.1 Climbing down into bunker","React intent (fearful+humor weighted)","uneasy +","based","line","doc-only","PROGRESSION_AND_CHAT.md C.1 (L583)"
"B250","gaze_reese_log_01 / gaze_yost_log_02","Phase 2 (Zone C)","C.2 First lore reads","React intent (fearful+humor weighted)","","wait this guy was military","line","doc-only","PROGRESSION_AND_CHAT.md C.2 (L591)"
"B251","gaze_reese_log_01 / gaze_yost_log_02","Phase 2 (Zone C)","C.2 First lore reads","React intent (fearful+humor weighted)","","headaches huh","line","doc-only","PROGRESSION_AND_CHAT.md C.2 (L592)"
"B252","gaze_reese_log_01 / gaze_yost_log_02","Phase 2 (Zone C)","C.2 First lore reads (chat knows too fast)","React intent (fearful+humor weighted)","","the doctor says it gets worse the lower you go","line","doc-only","PROGRESSION_AND_CHAT.md C.2 (L593)"
"B253","enter_generator_room","Phase 2 (Zone C)","C.3 Generator: on entering","React intent (fearful+humor weighted)","","what's that note?","line","doc-only","PROGRESSION_AND_CHAT.md C.3 (L602)"
"B254","enter_generator_room","Phase 2 (Zone C)","C.3 Generator: on entering","React intent (fearful+humor weighted)","","READ IT","line","doc-only","PROGRESSION_AND_CHAT.md C.3 (L602)"
"B255","gaze_do_not_turn_on_note","Phase 2 (Zone C)","C.3 Generator: on reading the note","React intent (fearful+humor weighted)","","lol skill issue","line","doc-only","PROGRESSION_AND_CHAT.md C.3 (L603)"
"B256","gaze_do_not_turn_on_note","Phase 2 (Zone C)","C.3 Generator: on reading the note","React intent (fearful+humor weighted)","","TURN IT ON ANYWAY","line","doc-only","PROGRESSION_AND_CHAT.md C.3 (L603)"
"B257","gaze_do_not_turn_on_note","Phase 2 (Zone C)","C.3 Generator: quick bicker","React intent (fearful+humor weighted)","","don't","line","doc-only","PROGRESSION_AND_CHAT.md C.3 (L604)"
"B258","gaze_do_not_turn_on_note","Phase 2 (Zone C)","C.3 Generator: quick bicker","React intent (fearful+humor weighted)","","do it coward","line","doc-only","PROGRESSION_AND_CHAT.md C.3 (L604)"
"B259","turn_on_generator","Phase 2 (Zone C)","C.3 Generator dare banner","Dare intent (trolling+bravery weighted)","big + on success / drop on fail","TURN. IT. ON.","line","doc-only","PROGRESSION_AND_CHAT.md C.3 (L606)"
"B260","entity_going_generator","Phase 2 (Zone C)","C.3.1 Chase flood (doc lists @{0} HIDE BRO; graph wired as 'HIDE BRO')","React intent (fearful+humor weighted)","(flood)","@{0} HIDE BRO","template","doc-only","PROGRESSION_AND_CHAT.md C.3.1 (L630)"
"B261","pickup_key3 / interact_sealed_door","Phase 2 (Zone C)","C.4 Find Key3 / open sealed door","React intent (fearful+humor weighted)","","go deeper","line","doc-only","PROGRESSION_AND_CHAT.md C.4 (L639)"
"B262","pickup_key3 / interact_sealed_door","Phase 2 (Zone C)","C.4 Find Key3 / open sealed door","React intent (fearful+humor weighted)","","dare you","line","doc-only","PROGRESSION_AND_CHAT.md C.4 (L639)"
"B263","event bunker entry (Signal None)","Phase 2 (Zone C)","C.0 Player thought on losing signal (ShowNotification, not chat)","React intent (fearful+humor weighted)","","I have no signal - losing viewers - need an antenna","line","doc-only","PROGRESSION_AND_CHAT.md C.0 (L565)"
"B264","generator destroyed (Signal Low)","Phase 2 (Zone C)","C.0 Player thought after generator destroyed (ShowNotification)","React intent (fearful+humor weighted)","","something destroyed the generator - need another power source","line","doc-only","PROGRESSION_AND_CHAT.md C.0 (L575)"
"B265","signal_strength_low / _medium","Phase 2 (Zone C)","C.0 Signal nag copy example (append MessagePoolNodes; not yet wired)","React intent (fearful+humor weighted)","","signal sucks bro","line","doc-only","PROGRESSION_AND_CHAT.md C.0 (L554)"
"B266","dare_take_a_bow","Phase 1 (Zone B)","B.2 take_a_bow dare banner + reactions","","","TODO - no line authored yet","line","TODO","PROGRESSION_AND_CHAT.md B.2 / 7.2"
"B267","dare_look_down","Phase 2 (Zone B)","B.5 look_down dare banner + reactions","","","TODO - no line authored yet","line","TODO","PROGRESSION_AND_CHAT.md 7.2"
"B268","dare_sing_on_stage","Phase 1 (Zone B)","B.9 sing_on_stage dare banner + reactions","","","TODO - no line authored yet","line","TODO","PROGRESSION_AND_CHAT.md B.9 (L480)"
"B269","gaze_show_schedule","Phase 1-2 (Zone B)","B.10 read show schedule (NarcusTech tease) chat","","","TODO - no line authored yet","line","TODO","PROGRESSION_AND_CHAT.md B.10 (L483)"
"B270","proximity_theater_door_locked","Phase 2 (Zone B)","B.11 try to leave the theater; chat mocks/pressures","","","TODO - no line authored yet","line","TODO","PROGRESSION_AND_CHAT.md B.11 (L485)"
"B271","interact_generator success","Phase 2 (Zone C)","C.3 generator-on payoff chat + ambient horror reaction","","","TODO - no line authored yet","line","TODO","PROGRESSION_AND_CHAT.md C.3 (L607)"
"B272","Zone D beats","Phase 3 (Zone D)","Deep Lab: Phase 3 unified/commanding chat - outline only","","","TODO - no line authored yet","line","TODO","PROGRESSION_AND_CHAT.md 6 (L648)"
"B273","Zone E beats","Phase 3 (Zone E)","Excavation/monolith + ending chat - outline only","","","TODO - no line authored yet","line","TODO","PROGRESSION_AND_CHAT.md 6 (L651)"
"B274","readable_A1","n/a (readable)","Note A1 @ Reception counter: Old playbills (Winter's Hollow / Glass Orchestra / Starved for Attention 1972)","","","TODO - readable body not authored (gist only)","line","TODO","PROGRESSION_AND_CHAT.md L135"
"B275","readable_A2","n/a (readable)","Note A2 @ Reception counter: Newspaper Oct 14 1983 - Elena Mathis falls","","","TODO - readable body not authored (gist only)","line","TODO","PROGRESSION_AND_CHAT.md L136"
"B276","readable_A3","n/a (readable)","Note A3 @ Reception/notice board: Newspaper Nov 2 1983 - gas-leak follow-up","","","TODO - readable body not authored (gist only)","line","TODO","PROGRESSION_AND_CHAT.md L137"
"B277","readable_A4","n/a (readable)","Note A4 @ Snack stand: Chalkboard menu / private-viewings price slip","","","TODO - readable body not authored (gist only)","line","TODO","PROGRESSION_AND_CHAT.md L138"
"B278","readable_A5","n/a (readable)","Note A5 @ Bathroom mirror: Performer diary page - head feels light","","","TODO - readable body not authored (gist only)","line","TODO","PROGRESSION_AND_CHAT.md L139"
"B279","readable_B1","n/a (readable)","Note B1 @ Wing drawer: Performer diary continuation - saw something behind the curtain","","","TODO - readable body not authored (gist only)","line","TODO","PROGRESSION_AND_CHAT.md L242"
"B280","readable_B2","n/a (readable)","Note B2 @ Backstage corkboard: Show schedule; PRIVATE EVENT - N.T.","","","TODO - readable body not authored (gist only)","line","TODO","PROGRESSION_AND_CHAT.md L243"
"B281","readable_B3","n/a (readable)","Note B3 @ Walkway near spotlight: Maintenance note - replace bulb before show","","","TODO - readable body not authored (gist only)","line","TODO","PROGRESSION_AND_CHAT.md L244"
"B282","readable_B4","n/a (readable)","Note B4 @ Mannequin room: Costume tag - Elena Mathis, Glass Orchestra","","","TODO - readable body not authored (gist only)","line","TODO","PROGRESSION_AND_CHAT.md L245"
"B283","readable_C1","n/a (readable)","Note C1 @ Past trapdoor: Reese Log 01","","","TODO - readable body not authored (gist only)","line","TODO","PROGRESSION_AND_CHAT.md L522"
"B284","readable_C2","n/a (readable)","Note C2 @ Living quarters: Reese Log 03/05 - headaches, time skips","","","TODO - readable body not authored (gist only)","line","TODO","PROGRESSION_AND_CHAT.md L523"
"B285","readable_C3","n/a (readable)","Note C3 @ Comms station: Brooks Log 03/04","","","TODO - readable body not authored (gist only)","line","TODO","PROGRESSION_AND_CHAT.md L524"
"B286","readable_C4","n/a (readable)","Note C4 @ Medical bay: Yost Log 02/03","","","TODO - readable body not authored (gist only)","line","TODO","PROGRESSION_AND_CHAT.md L525"
"B287","readable_C5","n/a (readable)","Note C5 @ Generator room: Mira Log 14 - Do NOT turn on the power","","","TODO - readable body not authored (gist only)","line","TODO","PROGRESSION_AND_CHAT.md L526"
"B288","readable_C6","n/a (readable)","Note C6 @ Generator room: NarcusTech procurement notice","","","TODO - readable body not authored (gist only)","line","TODO","PROGRESSION_AND_CHAT.md L527"
"B289","readable_C7","n/a (readable)","Note C7 @ Side room near sealed door: Key3 hint","","","TODO - readable body not authored (gist only)","line","TODO","PROGRESSION_AND_CHAT.md L528"
